Mercedes-Benz,A-Klasse,96000,2013,1595,115156,16900
Mercedes-Benz,A-Klasse,70260,2009,1699,85116,8270
Mercedes-Benz,A-Klasse,6000,2017,1595,90122,26990
Mercedes-Benz,A-Klasse,0,2007,1498,7095,300
Mercedes-Benz,A-Klasse,180000,2007,1991,80109,2400
Mercedes-Benz,A-Klasse,175000,2007,1498,7095,2500
Mercedes-Benz,A-Klasse,325700,2007,1699,85116,2590
Mercedes-Benz,A-Klasse,298000,2007,1991,6082,2599
Mercedes-Benz,A-Klasse,244163,2007,1991,80109,2600
Mercedes-Benz,A-Klasse,301000,2007,1991,6082,2700
Mercedes-Benz,A-Klasse,218000,2007,1991,80109,2800
Mercedes-Benz,A-Klasse,197000,2008,1991,80109,2850
Mercedes-Benz,A-Klasse,276000,2007,1498,7095,2850
Mercedes-Benz,A-Klasse,220000,2007,1991,103140,2850
Mercedes-Benz,A-Klasse,246000,2007,1991,6082,2890
Mercedes-Benz,A-Klasse,208000,2008,1991,6082,2899
Mercedes-Benz,A-Klasse,226900,2007,2000,80109,2900
Mercedes-Benz,A-Klasse,162591,2008,1498,7095,2900
Mercedes-Benz,A-Klasse,227114,2007,1498,7095,2900
Mercedes-Benz,A-Klasse,205000,2008,1991,6082,2900
Mercedes-Benz,A-Klasse,24946,2016,1595,90122,21490
Mercedes-Benz,A-Klasse,221777,2007,1991,80109,2950
Mercedes-Benz,A-Klasse,150000,2007,1498,7095,2990
Mercedes-Benz,A-Klasse,184000,2007,1991,6082,2990
Mercedes-Benz,A-Klasse,221900,2007,1498,7095,2990
Mercedes-Benz,A-Klasse,240641,2007,1991,80109,2990
Mercedes-Benz,A-Klasse,184800,2007,1991,6082,2999
Mercedes-Benz,A-Klasse,287500,2008,1991,80109,2999
Mercedes-Benz,A-Klasse,299694,2007,1991,6082,2999
Mercedes-Benz,A-Klasse,179884,2007,1991,80109,2999
Mercedes-Benz,A-Klasse,247600,2008,1991,80109,3000
Mercedes-Benz,A-Klasse,155000,2007,1991,80109,3000
Mercedes-Benz,A-Klasse,199900,2007,1498,7095,3000
Mercedes-Benz,A-Klasse,165500,2007,1991,103140,3100
Mercedes-Benz,A-Klasse,139200,2007,1498,7095,3150
Mercedes-Benz,A-Klasse,186000,2009,1991,6082,3150
Mercedes-Benz,A-Klasse,273000,2008,1498,7095,3190
Mercedes-Benz,A-Klasse,200000,2007,1991,6082,3199
Mercedes-Benz,A-Klasse,170000,2007,1498,7095,3199
Mercedes-Benz,A-Klasse,204950,2007,1991,80109,3250
Mercedes-Benz,B-Klasse,147744,2012,1796,80109,12490
Mercedes-Benz,B-Klasse,151000,2010,1991,80109,8900
Mercedes-Benz,B-Klasse,323000,2007,1991,80109,2485
Mercedes-Benz,B-Klasse,342000,2008,2034,85116,2500
Mercedes-Benz,B-Klasse,545000,2007,1991,80109,2890
Mercedes-Benz,B-Klasse,399000,2008,1991,80109,2950
Mercedes-Benz,B-Klasse,319000,2008,2034,85116,2990
Mercedes-Benz,B-Klasse,406000,2010,1991,80109,2990
Mercedes-Benz,B-Klasse,340000,2007,1991,80109,2999
Mercedes-Benz,B-Klasse,309000,2008,1991,80109,2999
Mercedes-Benz,B-Klasse,500000,2010,1991,80109,3190
Mercedes-Benz,B-Klasse,430000,2008,1991,80109,3199
Mercedes-Benz,B-Klasse,545079,2009,1991,80109,3280
Mercedes-Benz,B-Klasse,308399,2008,1991,80109,3300
Mercedes-Benz,B-Klasse,347000,2010,1991,80109,3450
Mercedes-Benz,B-Klasse,329000,2011,2034,85116,3490
Mercedes-Benz,B-Klasse,400000,2011,1991,80109,3490
Mercedes-Benz,B-Klasse,354000,2010,2034,85116,3700
Mercedes-Benz,B-Klasse,220000,2007,1799,80109,3750
Mercedes-Benz,B-Klasse,433614,2011,1991,80109,3790
Mercedes-Benz,B-Klasse,197000,2007,1699,85116,3800
Mercedes-Benz,B-Klasse,32282,2016,1991,155211,33480
Mercedes-Benz,B-Klasse,307400,2008,1991,80109,3900
Mercedes-Benz,B-Klasse,347000,2008,2034,85116,3900
Mercedes-Benz,B-Klasse,257000,2010,1991,80109,3990
Mercedes-Benz,B-Klasse,303957,2008,1991,80109,3999
Mercedes-Benz,B-Klasse,177848,2007,2034,100136,4150
Mercedes-Benz,B-Klasse,242000,2009,2034,85116,4300
Mercedes-Benz,B-Klasse,240000,2008,1991,80109,4300
Mercedes-Benz,B-Klasse,250000,2007,1991,80109,4350
Mercedes-Benz,B-Klasse,324800,2008,1991,80109,4399
Mercedes-Benz,B-Klasse,280299,2008,1991,103140,4450
Mercedes-Benz,B-Klasse,207500,2007,1991,103140,4490
Mercedes-Benz,B-Klasse,177000,2007,2034,100136,4490
Mercedes-Benz,B-Klasse,368000,2011,1991,80109,4500
Mercedes-Benz,B-Klasse,159506,2007,1991,103140,4500
Mercedes-Benz,B-Klasse,189652,2007,1991,103140,4500
Mercedes-Benz,B-Klasse,178000,2008,2034,100136,4500
Mercedes-Benz,B-Klasse,360000,2009,2034,85116,4550
Mercedes-Benz,B-Klasse,14450,2015,1461,80109,18890
Mercedes-Benz,B-Klasse,8000,2017,1595,115156,34480
Mercedes-Benz,C-Klasse,28760,2016,2143,150204,43350
Mercedes-Benz,C-Klasse,8000,2017,3982,375510,99900
Mercedes-Benz,C-Klasse,83000,2013,2143,125170,18990
Mercedes-Benz,C-Klasse,450000,2007,2148,90122,1999
Mercedes-Benz,C-Klasse,440000,2007,2148,110150,2500
Mercedes-Benz,C-Klasse,399000,2007,2148,90122,2500
Mercedes-Benz,C-Klasse,491700,2007,2149,110150,2990
Mercedes-Benz,C-Klasse,377455,2007,2148,90122,3880
Mercedes-Benz,C-Klasse,146179,2007,2148,90122,3900
Mercedes-Benz,C-Klasse,221000,2007,2148,110150,3900
Mercedes-Benz,C-Klasse,207000,2007,1796,105143,3980
Mercedes-Benz,C-Klasse,211000,2007,2148,110150,3990
Mercedes-Benz,C-Klasse,335000,2007,2987,165224,3999
Mercedes-Benz,C-Klasse,274269,2007,2148,90122,4100
Mercedes-Benz,C-Klasse,255000,2007,2148,110150,4100
Mercedes-Benz,C-Klasse,247419,2008,2149,90122,4199
Mercedes-Benz,C-Klasse,432686,2007,2200,90122,4200
Mercedes-Benz,C-Klasse,151000,2008,1796,105143,4200
Mercedes-Benz,C-Klasse,350000,2007,2148,110150,4249
Mercedes-Benz,C-Klasse,300000,2007,2148,110150,4250
Mercedes-Benz,C-Klasse,70000,2012,2143,100136,17950
Mercedes-Benz,C-Klasse,291000,2007,2148,90122,4400
Mercedes-Benz,C-Klasse,229767,2007,2148,110150,4450
Mercedes-Benz,C-Klasse,330000,2007,2148,125170,4490
Mercedes-Benz,C-Klasse,260000,2007,2148,90122,4500
Mercedes-Benz,C-Klasse,277000,2007,2148,110150,4500
Mercedes-Benz,C-Klasse,340000,2007,2148,90122,4599
Mercedes-Benz,C-Klasse,243500,2007,2148,110150,4600
Mercedes-Benz,C-Klasse,147000,2007,2148,90122,4600
Mercedes-Benz,C-Klasse,300000,2007,2987,165224,4700
Mercedes-Benz,C-Klasse,328750,2007,2148,110150,4700
Mercedes-Benz,C-Klasse,237000,2007,2148,110150,4750
Mercedes-Benz,C-Klasse,320000,2007,2148,110150,4799
Mercedes-Benz,C-Klasse,257208,2007,2148,110150,4800
Mercedes-Benz,C-Klasse,237446,2007,2148,90122,4899
Mercedes-Benz,C-Klasse,368000,2007,2148,110150,4900
Mercedes-Benz,C-Klasse,287500,2007,2148,90122,4900
Mercedes-Benz,C-Klasse,224000,2007,2148,110150,4900
Mercedes-Benz,C-Klasse,373000,2008,2148,125170,4949
Mercedes-Benz,C-Klasse,269000,2007,2148,90122,4950
Mercedes-Benz,E-Klasse,13360,2014,2143,125170,26950
Mercedes-Benz,E-Klasse,100000,2012,2143,125170,21950
Mercedes-Benz,E-Klasse,45309,2016,2143,125170,39219
Mercedes-Benz,E-Klasse,520000,2009,2148,100136,2499
Mercedes-Benz,E-Klasse,430000,2007,2148,100136,2500
Mercedes-Benz,E-Klasse,740000,2007,2148,100136,2650
Mercedes-Benz,E-Klasse,625500,2008,2148,100136,2700
Mercedes-Benz,E-Klasse,670000,2009,2148,100136,2799
Mercedes-Benz,E-Klasse,523670,2007,2148,100136,2800
Mercedes-Benz,E-Klasse,489000,2008,2148,100136,2890
Mercedes-Benz,E-Klasse,406000,2008,2148,100136,2900
Mercedes-Benz,E-Klasse,546000,2007,2148,125170,2950
Mercedes-Benz,E-Klasse,307000,2007,2148,125170,2950
Mercedes-Benz,E-Klasse,519000,2007,2148,100136,2950
Mercedes-Benz,E-Klasse,503000,2007,2148,100136,2990
Mercedes-Benz,E-Klasse,689000,2007,2148,100136,2999
Mercedes-Benz,E-Klasse,500000,2009,2148,100136,2999
Mercedes-Benz,E-Klasse,428000,2009,2148,100136,2999
Mercedes-Benz,E-Klasse,433000,2008,2148,100136,2999
Mercedes-Benz,E-Klasse,650000,2007,2148,100136,2999
Mercedes-Benz,E-Klasse,579000,2007,2148,125170,2999
Mercedes-Benz,E-Klasse,427000,2008,2148,100136,2999
Mercedes-Benz,E-Klasse,166735,2012,2143,125170,16980
Mercedes-Benz,E-Klasse,369000,2008,2148,100136,3100
Mercedes-Benz,E-Klasse,549000,2007,2148,100136,3199
Mercedes-Benz,E-Klasse,416500,2007,2148,100136,3250
Mercedes-Benz,E-Klasse,420000,2008,2148,100136,3250
Mercedes-Benz,E-Klasse,535000,2009,2148,100136,3250
Mercedes-Benz,E-Klasse,567900,2008,2148,100136,3300
Mercedes-Benz,E-Klasse,700000,2007,2148,100136,3350
Mercedes-Benz,E-Klasse,587000,2007,2148,125170,3399
Mercedes-Benz,E-Klasse,499000,2007,2148,125170,3399
Mercedes-Benz,E-Klasse,573027,2007,2148,125170,3450
Mercedes-Benz,E-Klasse,642000,2007,2148,125170,3498
Mercedes-Benz,E-Klasse,366000,2008,1796,120163,3499
Mercedes-Benz,E-Klasse,520000,2009,2148,100136,3499
Mercedes-Benz,E-Klasse,428115,2009,2148,100136,3499
Mercedes-Benz,E-Klasse,582112,2009,2148,100136,3499
Mercedes-Benz,E-Klasse,400000,2009,2148,100136,3499
Mercedes-Benz,E-Klasse,11649,2016,1991,135184,36950
Mercedes-Benz,E-Klasse,43300,2016,2143,125170,31450
Mercedes-Benz,S-Klasse,25049,2016,2987,190258,67990
Mercedes-Benz,S-Klasse,29600,2014,2987,190258,66880
Mercedes-Benz,S-Klasse,210000,2012,2987,190258,24900
Mercedes-Benz,S-Klasse,389250,2007,2987,173235,10490
Mercedes-Benz,S-Klasse,230000,2007,3498,200272,10490
Mercedes-Benz,S-Klasse,370000,2009,2987,155211,10700
Mercedes-Benz,S-Klasse,375000,2007,2987,173235,10890
Mercedes-Benz,S-Klasse,379000,2007,3498,200272,10990
Mercedes-Benz,S-Klasse,284152,2007,2987,173235,10999
Mercedes-Benz,S-Klasse,426000,2007,3996,235320,11500
Mercedes-Benz,S-Klasse,205000,2008,2987,173235,11500
Mercedes-Benz,S-Klasse,251450,2008,2987,173235,11650
Mercedes-Benz,S-Klasse,285000,2007,2987,173235,11900
Mercedes-Benz,S-Klasse,383750,2008,2987,173235,11900
Mercedes-Benz,S-Klasse,215686,2007,2987,173235,11950
Mercedes-Benz,S-Klasse,207000,2007,2987,173235,11950
Mercedes-Benz,S-Klasse,28000,2015,2987,186253,99900
Mercedes-Benz,S-Klasse,250000,2008,3996,235320,12000
Mercedes-Benz,S-Klasse,175000,2007,2987,173235,12000
Mercedes-Benz,S-Klasse,196000,2007,5461,285387,12300
Mercedes-Benz,S-Klasse,225000,2007,5461,285387,12490
Mercedes-Benz,S-Klasse,270722,2008,3996,235320,12500
Mercedes-Benz,S-Klasse,244536,2007,3996,235320,12500
Mercedes-Benz,S-Klasse,250754,2007,2987,173235,12600
Mercedes-Benz,S-Klasse,270333,2008,2987,174237,12900
Mercedes-Benz,S-Klasse,318000,2008,2987,173235,12900
Mercedes-Benz,S-Klasse,238000,2007,5461,285387,12900
Mercedes-Benz,S-Klasse,178000,2008,2987,173235,12900
Mercedes-Benz,S-Klasse,321418,2007,2987,173235,12912
Mercedes-Benz,S-Klasse,236500,2007,2987,173235,12950
Mercedes-Benz,S-Klasse,330000,2007,3996,235320,12990
Mercedes-Benz,S-Klasse,395000,2008,2987,173235,12990
Mercedes-Benz,S-Klasse,263268,2007,2987,173235,12990
Mercedes-Benz,S-Klasse,215000,2007,2987,173235,12990
Mercedes-Benz,S-Klasse,248000,2007,5461,285387,12999
Mercedes-Benz,S-Klasse,7038,2017,2987,190258,87480
Mercedes-Benz,S-Klasse,34900,2016,2996,325442,112950
Mercedes-Benz,S-Klasse,6974,2016,5461,430585,149900
Mercedes-Benz,S-Klasse,389250,2007,2987,173235,10490
Mercedes-Benz,S-Klasse,230000,2007,3498,200272,10490
Mercedes-Benz,S-Klasse,370000,2009,2987,155211,10700
Mercedes-Benz,G-Klasse,10000,2017,2987,180245,92790
Mercedes-Benz,G-Klasse,195415,2012,2143,105143,15900
Mercedes-Benz,G-Klasse,170000,2015,2962,92125,22900
Mercedes-Benz,G-Klasse,270000,2007,2987,165224,29900
Mercedes-Benz,G-Klasse,169000,2007,2987,165224,31900
Mercedes-Benz,G-Klasse,179800,2008,2987,135184,32950
Mercedes-Benz,G-Klasse,275000,2009,2987,165224,34900
Mercedes-Benz,G-Klasse,300000,2007,2987,165224,34990
Mercedes-Benz,G-Klasse,180000,2008,2987,165224,35800
Mercedes-Benz,G-Klasse,199800,2008,2987,165224,35990
Mercedes-Benz,G-Klasse,400000,2009,2987,165224,36890
Mercedes-Benz,G-Klasse,183000,2007,2987,165224,36900
Mercedes-Benz,G-Klasse,130000,2011,2987,155211,36990
Mercedes-Benz,G-Klasse,210000,2007,2987,165224,37485
Mercedes-Benz,G-Klasse,238000,2007,2987,165224,37594
Mercedes-Benz,G-Klasse,157950,2011,2987,195265,37653
Mercedes-Benz,G-Klasse,196769,2008,2987,165224,37990
Mercedes-Benz,G-Klasse,118951,2008,2987,165224,38890
Mercedes-Benz,G-Klasse,119358,2008,2987,165224,38900
Mercedes-Benz,G-Klasse,12200,2016,5461,400544,120900
Mercedes-Benz,G-Klasse,153221,2008,2987,165224,38900
Mercedes-Benz,G-Klasse,196782,2007,3996,184250,38990
Mercedes-Benz,G-Klasse,173900,2008,2987,165224,38990
Mercedes-Benz,G-Klasse,172000,2007,2987,165224,38999
Mercedes-Benz,G-Klasse,148043,2007,2987,165224,39890
Mercedes-Benz,G-Klasse,158470,2008,2987,165224,39900
Mercedes-Benz,G-Klasse,122500,2008,2987,165224,39900
Mercedes-Benz,G-Klasse,290000,2007,2987,165224,39900
Mercedes-Benz,G-Klasse,136900,2010,2987,165224,39900
Mercedes-Benz,G-Klasse,203000,2009,2987,165224,39900
Mercedes-Benz,G-Klasse,169031,2007,2987,165224,39900
Mercedes-Benz,G-Klasse,152209,2011,2987,165224,39999
Mercedes-Benz,G-Klasse,124398,2008,2987,165224,40990
Mercedes-Benz,G-Klasse,85000,2010,2987,135184,40999
Mercedes-Benz,G-Klasse,110000,2009,2987,135184,42490
Mercedes-Benz,G-Klasse,123764,2009,2987,135184,42900
Mercedes-Benz,G-Klasse,171900,2010,2987,165224,42990
Mercedes-Benz,G-Klasse,120122,2008,2987,165224,42990
Mercedes-Benz,G-Klasse,115000,2009,2987,135184,43000
Mercedes-Benz,G-Klasse,60000,2010,2987,165224,43900
Mercedes-Benz,GLA-Klasse,6283,2016,1595,115156,33650
Mercedes-Benz,GLA-Klasse,19200,2015,1595,115156,28450
Mercedes-Benz,GLA-Klasse,6000,2017,1595,90122,32790
Mercedes-Benz,GLA-Klasse,181000,2014,2143,100136,17000
Mercedes-Benz,GLA-Klasse,148000,2014,2143,100136,17990
Mercedes-Benz,GLA-Klasse,147000,2014,2143,100136,18750
Mercedes-Benz,GLA-Klasse,149300,2014,2143,100136,18900
Mercedes-Benz,GLA-Klasse,120386,2014,2143,100136,19480
Mercedes-Benz,GLA-Klasse,123080,2014,2143,100136,19860
Mercedes-Benz,GLA-Klasse,112000,2015,1461,80109,19888
Mercedes-Benz,GLA-Klasse,119214,2014,2143,100136,19980
Mercedes-Benz,GLA-Klasse,115316,2014,2143,100136,19989
Mercedes-Benz,GLA-Klasse,92901,2014,1595,115156,19990
Mercedes-Benz,GLA-Klasse,61000,2014,1595,115156,19990
Mercedes-Benz,GLA-Klasse,84732,2014,2143,100136,20900
Mercedes-Benz,GLA-Klasse,93487,2014,2143,100136,20990
Mercedes-Benz,GLA-Klasse,25400,2014,1595,115156,21199
Mercedes-Benz,GLA-Klasse,24392,2014,2143,100136,21590
Mercedes-Benz,GLA-Klasse,63615,2014,1595,115156,21990
Mercedes-Benz,GLA-Klasse,21500,2014,1595,115156,22300
Mercedes-Benz,GLA-Klasse,76605,2014,1595,115156,22320
Mercedes-Benz,GLA-Klasse,95685,2014,2143,100136,22400
Mercedes-Benz,GLA-Klasse,6800,2016,1991,280381,56880
Mercedes-Benz,GLA-Klasse,13140,2015,1595,90122,22544
Mercedes-Benz,GLA-Klasse,21922,2014,1595,115156,22670
Mercedes-Benz,GLA-Klasse,82600,2015,2143,100136,22700
Mercedes-Benz,GLA-Klasse,32970,2014,1595,115156,22750
Mercedes-Benz,GLA-Klasse,164500,2014,2143,100136,22750
Mercedes-Benz,GLA-Klasse,82306,2014,2143,100136,22760
Mercedes-Benz,GLA-Klasse,40000,2015,1595,115156,22800
Mercedes-Benz,GLA-Klasse,65856,2014,2143,100136,22880
Mercedes-Benz,GLA-Klasse,49820,2015,1461,80109,22880
Mercedes-Benz,GLA-Klasse,10,2017,2143,100136,22900
Mercedes-Benz,GLA-Klasse,27647,2014,1595,115156,22945
Mercedes-Benz,GLA-Klasse,30002,2015,1461,80109,22950
Mercedes-Benz,GLA-Klasse,94000,2014,2143,100136,22950
Mercedes-Benz,GLA-Klasse,30660,2014,2143,100136,22979
Mercedes-Benz,GLA-Klasse,79450,2014,2143,125170,22990
Mercedes-Benz,GLA-Klasse,46682,2014,2143,100136,22990
Mercedes-Benz,GLA-Klasse,75764,2015,2143,100136,22990
Mercedes-Benz,GLC-Klasse,8000,2017,2143,125170,49880
Mercedes-Benz,GLC-Klasse,23849,2016,2143,125170,52333
Mercedes-Benz,GLC-Klasse,9666,2017,2143,125170,47900
Mercedes-Benz,GLC-Klasse,0,2017,2143,125170,37393
Mercedes-Benz,GLC-Klasse,0,2017,2143,125170,37394
Mercedes-Benz,GLC-Klasse,30710,2016,2143,125170,37739
Mercedes-Benz,GLC-Klasse,22320,2016,2143,125170,37880
Mercedes-Benz,GLC-Klasse,27609,2016,2143,125170,38188
Mercedes-Benz,GLC-Klasse,49003,2015,2143,125170,38450
Mercedes-Benz,GLC-Klasse,35964,2015,2143,125170,38490
Mercedes-Benz,GLC-Klasse,38000,2015,2143,125170,38500
Mercedes-Benz,GLC-Klasse,18547,2016,2143,125170,38500
Mercedes-Benz,GLC-Klasse,17800,2016,2143,125170,38750
Mercedes-Benz,GLC-Klasse,29475,2016,2143,125170,38770
Mercedes-Benz,GLC-Klasse,22755,2016,2143,125170,38770
Mercedes-Benz,GLC-Klasse,22400,2016,2143,125170,38770
Mercedes-Benz,GLC-Klasse,24800,2016,2143,125170,38770
Mercedes-Benz,GLC-Klasse,21121,2016,2143,125170,38770
Mercedes-Benz,GLC-Klasse,21169,2016,2143,125170,38770
Mercedes-Benz,GLC-Klasse,9000,2017,2143,150204,65800
Mercedes-Benz,GLC-Klasse,22607,2016,2143,125170,38770
Mercedes-Benz,GLC-Klasse,22016,2016,2143,125170,38770
Mercedes-Benz,GLC-Klasse,9550,2016,2143,125170,38790
Mercedes-Benz,GLC-Klasse,28546,2015,2143,125170,38870
Mercedes-Benz,GLC-Klasse,50500,2015,2143,125170,38899
Mercedes-Benz,GLC-Klasse,50500,2015,2143,125170,38899
Mercedes-Benz,GLC-Klasse,21000,2016,1991,177241,38900
Mercedes-Benz,GLC-Klasse,29100,2015,2143,125170,38990
Mercedes-Benz,GLC-Klasse,21634,2015,2143,125170,39740
Mercedes-Benz,GLC-Klasse,25783,2016,2143,125170,39780
Mercedes-Benz,GLC-Klasse,29835,2015,2143,125170,39790
Mercedes-Benz,GLC-Klasse,22889,2016,2143,125170,39790
Mercedes-Benz,GLC-Klasse,14990,2016,2143,125170,39790
Mercedes-Benz,GLC-Klasse,14990,2016,2143,125170,39790
Mercedes-Benz,GLC-Klasse,12090,2016,2143,125170,39850
Mercedes-Benz,GLC-Klasse,17850,2016,2143,125170,39850
Mercedes-Benz,GLC-Klasse,33842,2015,2143,125170,39875
Mercedes-Benz,GLC-Klasse,41487,2016,2143,125170,39885
Mercedes-Benz,GLC-Klasse,77099,2015,2143,125170,39885
Mercedes-Benz,GLC-Klasse,32000,2015,2143,125170,39900
Mercedes-Benz,GLE-Klasse,32572,2016,2996,270367,75880
Mercedes-Benz,GLE-Klasse,16449,2016,2987,190258,62135
Mercedes-Benz,GLE-Klasse,9500,2016,2987,190258,77700
Mercedes-Benz,GLE-Klasse,40000,2016,2987,190258,36000
Mercedes-Benz,GLE-Klasse,49870,2016,2143,150204,42990
Mercedes-Benz,GLE-Klasse,83000,2016,2143,150204,44900
Mercedes-Benz,GLE-Klasse,50000,2016,2143,150204,44995
Mercedes-Benz,GLE-Klasse,62500,2016,2143,150204,45900
Mercedes-Benz,GLE-Klasse,6135,2015,2143,150204,46777
Mercedes-Benz,GLE-Klasse,27091,2015,2143,150204,46890
Mercedes-Benz,GLE-Klasse,19200,2016,2143,150204,47890
Mercedes-Benz,GLE-Klasse,6400,2016,2143,150204,47980
Mercedes-Benz,GLE-Klasse,14900,2015,2143,150204,48450
Mercedes-Benz,GLE-Klasse,21838,2016,2143,150204,48790
Mercedes-Benz,GLE-Klasse,18000,2016,2996,225306,49700
Mercedes-Benz,GLE-Klasse,49000,2015,2143,150204,49800
Mercedes-Benz,GLE-Klasse,49000,2016,2987,190258,49950
Mercedes-Benz,GLE-Klasse,9990,2016,2143,150204,49999
Mercedes-Benz,GLE-Klasse,8739,2016,2143,150204,50790
Mercedes-Benz,GLE-Klasse,14297,2016,2143,150204,50850
Mercedes-Benz,GLE-Klasse,12594,2016,2143,150204,50869
Mercedes-Benz,GLE-Klasse,33319,2016,2143,150204,53870
Mercedes-Benz,GLE-Klasse,9200,2016,2143,150204,50888
Mercedes-Benz,GLE-Klasse,30000,2015,2987,190258,50900
Mercedes-Benz,GLE-Klasse,51000,2016,2987,190258,51400
Mercedes-Benz,GLE-Klasse,24700,2016,2143,150204,51400
Mercedes-Benz,GLE-Klasse,26990,2016,2987,190258,51450
Mercedes-Benz,GLE-Klasse,26990,2016,2987,190258,51450
Mercedes-Benz,GLE-Klasse,43300,2016,2143,150204,51470
Mercedes-Benz,GLE-Klasse,27086,2016,2987,190258,51488
Mercedes-Benz,GLE-Klasse,16700,2015,2987,190258,51500
Mercedes-Benz,GLE-Klasse,22000,2015,2987,190258,51688
Mercedes-Benz,GLE-Klasse,31633,2015,2987,190258,51690
Mercedes-Benz,GLE-Klasse,22600,2016,2987,190258,51750
Mercedes-Benz,GLE-Klasse,25397,2015,2987,190258,51850
Mercedes-Benz,GLE-Klasse,17600,2016,2143,150204,51869
Mercedes-Benz,GLE-Klasse,24500,2015,2987,190258,51900
Mercedes-Benz,GLE-Klasse,14215,2016,2143,150204,51950
Mercedes-Benz,GLE-Klasse,27300,2016,2987,190258,51950
Mercedes-Benz,GLE-Klasse,14921,2016,2143,150204,51980
Mercedes-Benz,GLE-Klasse,13000,2016,2143,150204,52199
Mercedes-Benz,GLK-Klasse,138450,2011,2143,150204,21440
Mercedes-Benz,GLK-Klasse,92782,2009,3498,200272,19990
Mercedes-Benz,GLK-Klasse,62520,2013,2143,125170,26950
Mercedes-Benz,GLK-Klasse,320000,2008,2987,165224,10235
Mercedes-Benz,GLK-Klasse,318000,2011,2143,105143,10500
Mercedes-Benz,GLK-Klasse,223000,2009,2987,165224,11000
Mercedes-Benz,GLK-Klasse,252000,2009,2987,165224,11000
Mercedes-Benz,GLK-Klasse,280000,2009,2987,165224,11490
Mercedes-Benz,GLK-Klasse,197000,2009,2143,125170,11499
Mercedes-Benz,GLK-Klasse,268000,2009,2143,125170,11840
Mercedes-Benz,GLK-Klasse,217000,2009,2143,125170,11900
Mercedes-Benz,GLK-Klasse,401263,2009,2987,165224,11950
Mercedes-Benz,GLK-Klasse,303000,2010,2143,125170,11990
Mercedes-Benz,GLK-Klasse,178000,2009,2987,165224,12000
Mercedes-Benz,GLK-Klasse,241000,2008,2987,165224,12499
Mercedes-Benz,GLK-Klasse,216928,2010,2143,125170,12499
Mercedes-Benz,GLK-Klasse,301000,2009,2987,165224,12550
Mercedes-Benz,GLK-Klasse,240000,2009,2143,125170,12600
Mercedes-Benz,GLK-Klasse,217353,2009,2987,165224,12990
Mercedes-Benz,GLK-Klasse,232520,2009,2143,125170,12999
Mercedes-Benz,GLK-Klasse,203000,2008,2987,165224,12999
Mercedes-Benz,GLK-Klasse,187000,2009,2143,125170,13000
Mercedes-Benz,GLK-Klasse,208846,2008,2987,165224,13000
Mercedes-Benz,GLK-Klasse,91118,2012,2143,125170,21100
Mercedes-Benz,GLK-Klasse,187500,2008,2987,165224,13000
Mercedes-Benz,GLK-Klasse,194880,2008,3498,200272,13280
Mercedes-Benz,GLK-Klasse,190000,2008,2987,165224,13500
Mercedes-Benz,GLK-Klasse,213822,2010,2143,125170,13699
Mercedes-Benz,GLK-Klasse,210000,2010,2143,125170,13750
Mercedes-Benz,GLK-Klasse,184000,2009,2987,165224,13800
Mercedes-Benz,GLK-Klasse,283000,2009,2987,165224,13800
Mercedes-Benz,GLK-Klasse,220000,2008,2987,165224,13850
Mercedes-Benz,GLK-Klasse,231000,2008,2987,165224,13850
Mercedes-Benz,GLK-Klasse,261000,2010,2143,125170,13890
Mercedes-Benz,GLK-Klasse,249999,2009,2987,165224,13900
Mercedes-Benz,GLK-Klasse,196100,2008,2987,165224,13900
Mercedes-Benz,GLK-Klasse,190000,2010,2143,125170,13900
Mercedes-Benz,GLK-Klasse,197600,2008,2987,165224,13900
Mercedes-Benz,GLK-Klasse,218188,2010,2143,125170,13900
Mercedes-Benz,GLK-Klasse,197260,2008,2987,165224,13950
Mercedes-Benz,GLK-Klasse,236000,2009,2143,125170,13990
Mercedes-Benz,GL-Klasse,144836,2011,2987,195265,30200
Mercedes-Benz,GL-Klasse,29600,2015,2987,190258,69990
Mercedes-Benz,GL-Klasse,57000,2013,5461,410557,79900
Mercedes-Benz,GL-Klasse,999999,2007,3996,225306,8500
Mercedes-Benz,GL-Klasse,256000,2007,4663,250340,11600
Mercedes-Benz,GL-Klasse,356400,2007,2987,165224,12490
Mercedes-Benz,GL-Klasse,207200,2012,3000,195265,12500
Mercedes-Benz,GL-Klasse,242000,2007,2987,165224,12900
Mercedes-Benz,GL-Klasse,450000,2007,2987,165224,13490
Mercedes-Benz,GL-Klasse,192372,2007,3996,225306,13500
Mercedes-Benz,GL-Klasse,246000,2007,2987,165224,13900
Mercedes-Benz,GL-Klasse,190000,2007,4663,250340,13990
Mercedes-Benz,GL-Klasse,246600,2007,3996,225306,14200
Mercedes-Benz,GL-Klasse,248563,2007,2987,165224,14200
Mercedes-Benz,GL-Klasse,187790,2007,4663,250340,14300
Mercedes-Benz,GL-Klasse,275000,2007,3996,225306,14300
Mercedes-Benz,GL-Klasse,258000,2007,2987,165224,14450
Mercedes-Benz,GL-Klasse,371000,2007,3996,225306,14490
Mercedes-Benz,GL-Klasse,283900,2007,3996,225306,14499
Mercedes-Benz,GL-Klasse,227000,2007,3996,225306,14900
Mercedes-Benz,GL-Klasse,271143,2007,2987,165224,14990
Mercedes-Benz,GL-Klasse,324000,2009,2987,165224,14990
Mercedes-Benz,GL-Klasse,247785,2007,2987,165224,14995
Mercedes-Benz,GL-Klasse,115871,2014,2987,190258,49980
Mercedes-Benz,GL-Klasse,237190,2007,2987,165224,14999
Mercedes-Benz,GL-Klasse,249600,2007,3996,225306,14999
Mercedes-Benz,GL-Klasse,352909,2008,2987,165224,15000
Mercedes-Benz,GL-Klasse,234336,2007,3996,225306,15100
Mercedes-Benz,GL-Klasse,250000,2008,3996,225306,15199
Mercedes-Benz,GL-Klasse,262015,2008,2987,165224,15450
Mercedes-Benz,GL-Klasse,309000,2009,3996,225306,15470
Mercedes-Benz,GL-Klasse,369950,2008,2987,165224,15490
Mercedes-Benz,GL-Klasse,214876,2007,2987,165224,15500
Mercedes-Benz,GL-Klasse,293500,2008,2987,165224,15550
Mercedes-Benz,GL-Klasse,230000,2008,3996,225306,15900
Mercedes-Benz,GL-Klasse,244000,2007,3996,225306,15990
Mercedes-Benz,GL-Klasse,249000,2008,2987,165224,15990
Mercedes-Benz,GL-Klasse,231783,2007,2987,165224,15999
Mercedes-Benz,GL-Klasse,163150,2007,2987,165224,16000
Mercedes-Benz,GL-Klasse,213000,2007,2987,165224,16000
Mercedes-Benz,GL-Klasse,228021,2007,2987,165224,16450
Audi,A1,85000,2010,1598,92125,10649
Audi,A1,25,2017,999,7095,16950
Audi,A1,59800,2013,1598,6690,12990
Audi,A1,113000,2011,1598,77105,6999
Audi,A1,200000,2011,1598,77105,7000
Audi,A1,185000,2010,1598,77105,7290
Audi,A1,166000,2011,1598,77105,7499
Audi,A1,110000,2011,1197,6386,7650
Audi,A1,162000,2012,1197,6386,7700
Audi,A1,147000,2011,1390,90122,7750
Audi,A1,350000,2013,1598,77105,7900
Audi,A1,98000,2010,1197,6386,7900
Audi,A1,176000,2010,1598,77105,7980
Audi,A1,180000,2010,1598,77105,7990
Audi,A1,133494,2011,1197,6386,7999
Audi,A1,122000,2010,1598,77105,7999
Audi,A1,238000,2011,1598,77105,7999
Audi,A1,72711,2011,1197,6386,7999
Audi,A1,150000,2010,1598,77105,7999
Audi,A1,96458,2013,1598,6690,8000
Audi,A1,139200,2012,1598,6690,8000
Audi,A1,14900,2015,1422,6690,15680
Audi,A1,60500,2010,1197,6386,8000
Audi,A1,155000,2012,1197,6386,8199
Audi,A1,213000,2010,1598,77105,8200
Audi,A1,213000,2010,1598,77105,8200
Audi,A1,110527,2011,1197,6386,8200
Audi,A1,133000,2011,1197,6386,8250
Audi,A1,80200,2011,1197,6386,8250
Audi,A1,99500,2011,1598,77105,8250
Audi,A1,109970,2011,1197,6386,8250
Audi,A1,104475,2011,1197,6386,8300
Audi,A1,105000,2010,1598,77105,8350
Audi,A1,149755,2011,1197,6386,8350
Audi,A1,127990,2011,1197,6386,8400
Audi,A1,133000,2010,1598,77105,8450
Audi,A1,119018,2011,1197,6386,8450
Audi,A1,121950,2011,1197,6386,8450
Audi,A1,163300,2011,1390,90122,8490
Audi,A1,7560,2016,999,7095,18975
Audi,A1,98775,2013,1968,105143,13950
Audi,A3,7999,2017,1395,110150,33444
Audi,A3,127250,2011,1968,103140,9990
Audi,A3,155000,2012,1598,77105,9490
Audi,A3,195000,2008,2000,125170,2650
Audi,A3,268000,2007,1598,85116,2850
Audi,A3,185000,2008,2000,125170,2900
Audi,A3,290000,2007,1968,125170,2990
Audi,A3,293678,2007,1896,77105,3199
Audi,A3,380214,2007,1968,103140,3550
Audi,A3,400000,2007,1896,77105,3699
Audi,A3,250000,2007,1896,77105,3990
Audi,A3,273500,2007,1968,103140,3990
Audi,A3,244750,2008,1896,77105,3990
Audi,A3,214000,2007,1968,103140,3990
Audi,A3,317582,2007,1968,103140,3995
Audi,A3,199987,2007,1595,75102,3999
Audi,A3,254000,2007,1896,77105,3999
Audi,A3,84137,2008,1595,75102,9990
Audi,A3,248000,2007,1598,85116,4000
Audi,A3,250000,2007,1968,125170,4200
Audi,A3,208000,2007,1896,77105,4200
Audi,A3,330000,2007,1968,103140,4200
Audi,A3,217000,2007,1595,75102,4400
Audi,A3,245000,2007,1896,77105,4450
Audi,A3,288610,2007,1968,125170,4480
Audi,A3,308000,2008,1968,103140,4490
Audi,A3,191000,2007,1968,125170,4490
Audi,A3,311000,2007,1968,103140,4500
Audi,A3,239000,2007,1595,75102,4500
Audi,A3,217000,2007,1595,75102,4500
Audi,A3,253000,2007,1896,77105,4500
Audi,A3,189000,2007,1595,75102,4590
Audi,A3,312600,2007,1968,103140,4590
Audi,A3,264625,2007,1896,77105,4600
Audi,A3,370000,2008,1968,103140,4650
Audi,A3,161567,2008,1968,103140,4690
Audi,A3,199900,2008,1595,75102,4690
Audi,A3,51262,2013,1395,90122,14765
Audi,A3,64150,2011,1968,125170,15970
Audi,A3,99900,2010,1595,75102,8999
Audi,A3,195000,2008,2000,125170,2650
Audi,A4,26356,2016,1968,110150,26480
Audi,A4,184602,2014,1968,110150,12890
Audi,A4,13632,2012,1968,130177,19700
Audi,A4,278330,2007,1968,103140,3600
Audi,A4,150000,2007,1968,103140,3650
Audi,A4,291000,2007,1968,103140,3700
Audi,A4,233000,2007,2698,132179,3750
Audi,A4,249000,2008,2967,171232,3990
Audi,A4,449000,2007,1968,103140,3990
Audi,A4,209822,2007,1968,103140,3999
Audi,A4,415000,2007,1968,125170,3999
Audi,A4,209197,2007,1984,147200,3999
Audi,A4,205000,2007,1968,103140,4000
Audi,A4,309000,2008,2698,140190,4199
Audi,A4,208000,2007,1968,103140,4200
Audi,A4,108750,2007,1595,75102,4250
Audi,A4,9180,2017,1968,140190,48760
Audi,A4,240000,2007,1968,103140,4250
Audi,A4,232580,2007,1968,103140,4289
Audi,A4,318267,2008,1968,103140,4290
Audi,A4,327000,2007,2698,132179,4400
Audi,A4,195000,2007,1968,125170,4400
Audi,A4,255000,2007,1968,103140,4490
Audi,A4,291000,2007,1968,103140,4500
Audi,A4,299000,2007,1968,103140,4500
Audi,A4,240000,2007,1968,103140,4600
Audi,A4,415000,2008,1968,105143,4600
Audi,A4,249000,2007,1968,103140,4600
Audi,A4,259000,2007,2698,132179,4600
Audi,A4,269070,2008,1968,103140,4650
Audi,A4,183000,2007,1595,75102,4650
Audi,A4,329500,2008,2967,171232,4650
Audi,A4,205800,2007,1968,103140,4699
Audi,A4,221093,2007,1968,103140,4699
Audi,A4,150000,2015,1968,140190,21990
Audi,A4,19825,2015,1968,140190,35842
Audi,A4,72500,2015,1968,110150,23990
Audi,A4,278330,2007,1968,103140,3600
Audi,A4,150000,2007,1968,103140,3650
Audi,A4,291000,2007,1968,103140,3700
Audi,A4,233000,2007,2698,132179,3750
Audi,A5,58000,2012,2967,180245,34500
Audi,A5,73500,2010,2967,176239,19740
Audi,A5,5000,2017,1968,140190,68211
Audi,A5,251173,2007,2698,140190,6100
Audi,A5,193401,2008,2698,140190,7500
Audi,A5,264000,2008,2698,140190,7699
Audi,A5,345000,2007,2967,176239,7700
Audi,A5,358000,2007,2967,176239,7900
Audi,A5,290000,2008,1798,125170,7998
Audi,A5,166000,2008,1798,125170,8800
Audi,A5,190000,2008,1984,132179,8900
Audi,A5,167000,2009,1984,132179,8990
Audi,A5,199900,2008,1798,125170,8990
Audi,A5,265000,2008,3197,195265,9000
Audi,A5,390000,2008,2700,140190,9000
Audi,A5,298500,2008,2698,140190,9000
Audi,A5,339000,2007,2967,176239,9300
Audi,A5,209121,2008,2698,140190,9490
Audi,A5,121300,2010,1798,118160,9500
Audi,A5,13750,2016,1984,169230,45690
Audi,A5,255585,2007,2967,176239,9600
Audi,A5,120382,2007,2967,176239,9800
Audi,A5,340000,2008,2967,176239,9800
Audi,A5,210000,2007,2967,176239,9900
Audi,A5,207697,2009,1984,132179,9900
Audi,A5,260000,2008,2967,176239,9990
Audi,A5,284113,2007,2967,176239,9990
Audi,A5,239142,2007,2967,176239,9999
Audi,A5,225000,2008,2967,176239,10000
Audi,A5,184000,2008,1984,155211,10000
Audi,A5,175419,2008,2967,177241,10119
Audi,A5,235000,2008,2967,176239,10250
Audi,A5,248600,2007,2698,140190,10300
Audi,A5,198000,2008,3197,195265,10399
Audi,A5,198000,2008,1798,125170,10400
Audi,A5,140483,2008,1798,125170,10450
Audi,A5,251300,2009,1984,132179,10470
Audi,A5,176000,2007,2967,176239,10490
Audi,A5,269500,2008,2698,140190,10499
Audi,A5,3000,2016,2967,180245,57450
Audi,A5,139980,2010,1968,125170,16990
Audi,A6,130861,2015,2967,235320,39980
Audi,A6,150941,2013,2967,150204,19980
Audi,A6,185000,2008,2967,171232,11350
Audi,A6,321000,2007,2698,132179,3990
Audi,A6,242000,2007,2698,132179,4200
Audi,A6,130000,2008,2967,171232,4200
Audi,A6,292000,2007,2698,132179,4555
Audi,A6,502648,2007,2698,132179,4899
Audi,A6,384014,2007,2698,132179,4900
Audi,A6,377700,2008,2698,132179,4980
Audi,A6,408000,2007,2967,171232,4999
Audi,A6,392000,2007,2967,171232,4999
Audi,A6,250000,2007,2698,132179,5100
Audi,A6,266000,2007,1968,103140,5100
Audi,A6,296000,2007,2698,132179,5190
Audi,A6,299300,2007,2698,132179,5200
Audi,A6,129750,2014,2967,230313,31990
Audi,A6,227541,2007,2967,171232,5250
Audi,A6,250000,2007,2393,130177,5270
Audi,A6,220000,2007,2698,132179,5300
Audi,A6,247000,2008,2698,132179,5350
Audi,A6,178000,2007,2698,132179,5350
Audi,A6,393000,2007,2698,132179,5399
Audi,A6,267000,2007,2698,132179,5400
Audi,A6,360000,2007,2967,171232,5450
Audi,A6,226500,2008,2967,165224,5450
Audi,A6,300000,2007,2698,132179,5490
Audi,A6,247100,2008,2698,132179,5499
Audi,A6,261000,2007,3123,188256,5500
Audi,A6,268145,2007,2698,132179,5500
Audi,A6,350000,2008,2393,130177,5500
Audi,A6,224000,2008,1968,103140,5500
Audi,A6,360000,2008,2967,171232,5550
Audi,A6,247500,2007,2698,132179,5590
Audi,A6,214750,2007,2698,132179,5600
Audi,A6,339000,2007,2700,132179,5600
Audi,A6,278000,2007,1984,125170,5650
Audi,A6,211750,2011,2698,140190,10999
Audi,A6,9900,2017,1968,140190,58990
Audi,A6,33310,2013,2967,150204,27470
Audi,A6,321000,2007,2698,132179,3990
Audi,A7,57119,2015,2967,240326,55469
Audi,A7,15000,2016,2967,240326,67880
Audi,A7,16337,2015,2967,160218,43150
Audi,A7,103000,2011,2967,150204,16680
Audi,A7,141000,2011,2967,150204,17200
Audi,A7,199000,2010,2967,180245,19490
Audi,A7,193000,2011,2967,180245,19499
Audi,A7,223400,2011,2967,180245,19700
Audi,A7,230729,2012,2773,150204,19950
Audi,A7,194086,2011,2967,180245,19999
Audi,A7,171500,2011,2773,150204,20000
Audi,A7,228159,2010,2967,180245,20450
Audi,A7,200000,2011,2967,180245,20800
Audi,A7,219000,2011,2967,180245,20900
Audi,A7,235000,2011,2967,180245,20999
Audi,A7,290000,2011,2967,180245,21420
Audi,A7,134000,2011,2995,220299,21499
Audi,A7,134185,2012,2967,150204,21777
Audi,A7,222300,2011,2967,180245,21790
Audi,A7,190000,2011,2967,180245,21900
Audi,A7,301420,2012,2967,180245,21900
Audi,A7,149400,2011,2967,180245,29999
Audi,A7,124519,2011,2773,150204,21950
Audi,A7,125000,2012,2967,150204,21990
Audi,A7,180600,2011,2967,180245,21990
Audi,A7,186000,2011,2967,150204,21990
Audi,A7,218000,2011,2967,180245,21999
Audi,A7,173654,2010,2967,180245,22490
Audi,A7,193000,2011,2967,180245,22490
Audi,A7,162000,2011,2967,180245,22500
Audi,A7,162000,2011,2967,180245,22500
Audi,A7,182000,2012,2967,150204,22500
Audi,A7,199000,2010,2967,180245,22500
Audi,A7,196000,2011,2995,220299,22750
Audi,A7,153800,2010,2967,180245,22890
Audi,A7,218000,2012,2967,150204,22900
Audi,A7,191000,2011,2967,180245,22900
Audi,A7,123000,2011,2773,150204,22900
Audi,A7,160000,2011,2967,150204,22900
Audi,A7,178000,2011,2967,180245,22900
Audi,A7,158000,2011,2773,150204,22990
Audi,A8,4900,2016,4134,283385,96990
Audi,A8,25000,2016,2967,193262,76990
Audi,A8,134587,2010,4163,273371,28990
Audi,A8,330000,2007,2967,171232,7298
Audi,A8,207400,2007,3123,191260,7300
Audi,A8,410874,2007,2967,171232,7499
Audi,A8,271000,2007,4163,257349,7950
Audi,A8,200000,2007,4163,257349,8290
Audi,A8,297000,2008,4163,257349,8990
Audi,A8,527487,2007,2967,171232,9400
Audi,A8,274000,2007,2967,171232,9440
Audi,A8,316200,2007,4134,240326,9490
Audi,A8,191500,2007,2967,171232,9499
Audi,A8,350000,2007,2967,171232,9500
Audi,A8,272000,2007,4134,240326,9590
Audi,A8,222488,2007,4134,240326,9600
Audi,A8,242396,2008,3123,191260,9750
Audi,A8,329666,2008,2967,171232,9800
Audi,A8,308014,2008,2967,171232,10000
Audi,A8,230000,2007,2967,171232,10300
Audi,A8,167000,2007,4163,257349,10490
Audi,A8,72633,2014,2967,190258,45850
Audi,A8,174000,2008,3123,191260,10500
Audi,A8,245000,2007,2967,171232,10600
Audi,A8,293000,2008,2967,171232,10780
Audi,A8,191000,2008,3123,191260,10800
Audi,A8,229691,2007,4163,257349,10900
Audi,A8,290000,2008,2967,171232,10900
Audi,A8,217000,2007,4134,240326,10900
Audi,A8,325000,2008,4134,240326,10900
Audi,A8,248000,2007,4134,240326,10900
Audi,A8,253748,2007,4134,240326,10900
Audi,A8,191000,2008,2967,171232,10950
Audi,A8,252000,2008,4134,240326,10990
Audi,A8,237000,2008,2967,171232,10990
Audi,A8,208000,2008,4163,257349,10999
Audi,A8,238000,2007,4134,240326,10999
Audi,A8,227000,2007,3123,191260,10999
Audi,A8,192000,2008,2967,171232,11350
Audi,A8,7500,2017,4134,283385,104990
Audi,A8,38249,2015,2967,193262,65900
Audi,Q3,7856,2016,1968,110150,27990,
Audi,Q3,1150,2016,1968,110150,34990,
Audi,Q3,233707,2012,1968,100136,13500,
Audi,Q3,167533,2012,1968,103140,13900,
Audi,Q3,159000,2011,1984,125170,13990,
Audi,Q3,192800,2012,1968,103140,13999,
Audi,Q3,228000,2014,1968,103140,14350,
Audi,Q3,204000,2012,1968,130177,14748,
Audi,Q3,263000,2012,1968,130177,14800,
Audi,Q3,167000,2012,1984,125170,14900,
Audi,Q3,174921,2012,1968,103140,14900,
Audi,Q3,160000,2012,1968,103140,14900,
Audi,Q3,165138,2012,1968,103140,14949,
Audi,Q3,149800,2012,1968,103140,14950,
Audi,Q3,244500,2012,1968,103140,14999,
Audi,Q3,166890,2012,1984,125170,14999,
Audi,Q3,185000,2013,1984,125170,14999,
Audi,Q3,140000,2012,1968,103140,15000,
Audi,Q3,178456,2012,1968,103140,15000,
Audi,Q3,199920,2012,1968,103140,15290,
Audi,Q3,147418,2012,1968,103140,15390,
Audi,Q3,140098,2012,1968,103140,15475,
Audi,Q3,77064,2012,1968,130177,23950,
Audi,Q3,164771,2012,1968,103140,15499,
Audi,Q3,198000,2012,1968,103140,15588,
Audi,Q3,98000,2012,1968,103140,15590,
Audi,Q3,154689,2012,1968,103140,15650,
Audi,Q3,139000,2012,1968,103140,15800,
Audi,Q3,201755,2013,1968,103140,15900,
Audi,Q3,134540,2012,1968,100136,15946,
Audi,Q3,128000,2012,1968,103140,15949,
Audi,Q3,94714,2014,1968,103140,15950,
Audi,Q3,114135,2012,1968,103140,15950,
Audi,Q3,150947,2013,1968,103140,15980,
Audi,Q3,183103,2014,1968,103140,15990,
Audi,Q3,192469,2012,1968,103140,15990,
Audi,Q3,184300,2014,1968,103140,15990,
Audi,Q3,185325,2013,1968,130177,15990,
Audi,Q3,174000,2013,1968,103140,15990,
Audi,Q3,180000,2012,1968,103140,15990,
Audi,Q3,118900,2012,1968,103140,15999,
Audi,Q5,26280,2016,1968,120163,38650,
Audi,Q5,236927,2009,2000,155211,10900,
Audi,Q5,308870,2009,1984,155211,11950,
Audi,Q5,274000,2009,1968,125170,11988,
Audi,Q5,365000,2010,1968,125170,11990,
Audi,Q5,229000,2008,1968,125170,11990,
Audi,Q5,207700,2009,2967,176239,12500,
Audi,Q5,207469,2009,1968,125170,12780,
Audi,Q5,253667,2009,1968,125170,12800,
Audi,Q5,347921,2009,2967,176239,12899,
Audi,Q5,216380,2011,1984,155211,12900,
Audi,Q5,200000,2009,2967,176239,12900,
Audi,Q5,320000,2009,1968,176239,12900,
Audi,Q5,211500,2009,2967,176239,12990,
Audi,Q5,240000,2009,2967,176239,12999,
Audi,Q5,187220,2009,1968,105143,13000,
Audi,Q5,153500,2009,1968,125170,13300,
Audi,Q5,230000,2010,1968,125170,13400,
Audi,Q5,8000,2017,1968,140190,44969,
Audi,Q5,182000,2009,1968,125170,13450,
Audi,Q5,180000,2008,1968,125170,13450,
Audi,Q5,149000,2009,2967,176239,13500,
Audi,Q5,202000,2009,1984,155211,13500,
Audi,Q5,148209,2010,1968,125170,13500,
Audi,Q5,187300,2010,1984,155211,13550,
Audi,Q5,222311,2011,1968,105143,13750,
Audi,Q5,199000,2009,1968,125170,13800,
Audi,Q5,270000,2011,1968,125170,13800,
Audi,Q5,267000,2011,1968,125170,13800,
Audi,Q5,600000,2012,1984,155211,13899,
Audi,Q5,201000,2009,1968,125170,13900,
Audi,Q5,281000,2009,2967,176239,13900,
Audi,Q5,227000,2009,2967,176239,13900,
Audi,Q5,258000,2010,1968,105143,13900,
Audi,Q5,201000,2009,1968,125170,13900,
Audi,Q5,236000,2009,2967,176239,13950,
Audi,Q5,218000,2009,1968,125170,13990,
Audi,Q5,200000,2009,1984,155211,13990,
Audi,Q5,267910,2010,2967,176239,13990,
Audi,Q5,98963,2013,1968,130177,23999,
Audi,Q5,39895,2014,2967,190258,34480,
Audi,Q7,92327,2009,2967,176239,22880,
Audi,Q7,42034,2016,2967,200272,59890,
Audi,Q7,331500,2007,4134,240326,8500,
Audi,Q7,214984,2007,3597,206280,8800,
Audi,Q7,285332,2007,2967,171232,9900,
Audi,Q7,285000,2007,2967,171232,9990,
Audi,Q7,350000,2007,2967,171232,9999,
Audi,Q7,275000,2008,2967,176239,10499,
Audi,Q7,320000,2008,2967,171232,10750,
Audi,Q7,238000,2007,2967,171232,10990,
Audi,Q7,278000,2007,2967,171232,11190,
Audi,Q7,168000,2007,2967,171232,11300,
Audi,Q7,94800,2008,2967,176239,11400,
Audi,Q7,235000,2007,2967,171232,11500,
Audi,Q7,245000,2007,2967,171232,11500,
Audi,Q7,158000,2007,2967,171232,11650,
Audi,Q7,252000,2007,2967,155211,11700,
Audi,Q7,281000,2007,2967,171232,11700,
Audi,Q7,262500,2007,2967,171232,11750,
Audi,Q7,16972,2016,3000,200272,69980,
Audi,Q7,261000,2007,2967,171232,11800,
Audi,Q7,196047,2007,2967,171232,11880,
Audi,Q7,209918,2007,3000,171232,11900,
Audi,Q7,197000,2007,2967,171232,11900,
Audi,Q7,220000,2007,2967,171232,11900,
Audi,Q7,226779,2007,2967,171232,11900,
Audi,Q7,249000,2008,2967,176239,11900,
Audi,Q7,265000,2007,2967,171232,11950,
Audi,Q7,235438,2009,4134,240326,11950,
Audi,Q7,238476,2007,2967,171232,11991,
Audi,Q7,220000,2007,2967,171232,11999,
Audi,Q7,171105,2007,2967,176239,12000,
Audi,Q7,209000,2007,2967,171232,12000,
Audi,Q7,220000,2008,2967,171232,12299,
Audi,Q7,285000,2008,2967,176239,12400,
Audi,Q7,198500,2007,2967,171232,12450,
Audi,Q7,187000,2010,4163,257349,22890,
Audi,Q7,206000,2012,2967,150204,22975,
Audi,Q7,193643,2007,2967,176239,18440,
Audi,Q7,331500,2007,4134,240326,8500,
Audi,Q7,214984,2007,3597,206280,8800,
BMW,Series 1,45651,2010,1995,105143,16506,
BMW,Series 1,75500,2011,1995,105143,11789,
BMW,Series 1,11200,2014,1598,85116,18990,
BMW,Series 1,185000,2007,1995,105143,3300,
BMW,Series 1,120000,2007,1597,90122,3450,
BMW,Series 1,320000,2007,1995,125170,3800,
BMW,Series 1,260000,2009,1995,105143,3800,
BMW,Series 1,76200,2008,1597,90122,3900,
BMW,Series 1,270000,2007,1995,130177,3900,
BMW,Series 1,152100,2009,1995,90122,3900,
BMW,Series 1,180000,2007,1597,90122,3900,
BMW,Series 1,254000,2007,1995,105143,3950,
BMW,Series 1,179942,2007,1995,105143,3990,
BMW,Series 1,191000,2007,1597,90122,3990,
BMW,Series 1,182000,2008,1597,90122,3990,
BMW,Series 1,259000,2007,1597,90122,3999,
BMW,Series 1,164861,2008,1995,105143,3999,
BMW,Series 1,40000,2014,1598,7095,4000,
BMW,Series 1,240550,2007,1995,90122,4000,
BMW,Series 1,50488,2013,1995,105143,16306,
BMW,Series 1,250000,2007,1995,105143,4200,
BMW,Series 1,237000,2009,1995,90122,4200,
BMW,Series 1,504757,2007,1995,105143,4287,
BMW,Series 1,140333,2007,1596,85116,4299,
BMW,Series 1,281328,2007,1995,130177,4300,
BMW,Series 1,185000,2007,1598,90122,4399,
BMW,Series 1,155000,2007,1596,85116,4400,
BMW,Series 1,130000,2007,1596,85116,4400,
BMW,Series 1,160000,2008,1598,90122,4400,
BMW,Series 1,188000,2007,1995,105143,4400,
BMW,Series 1,162000,2008,1995,105143,4450,
BMW,Series 1,239000,2010,1995,85116,4450,
BMW,Series 1,240921,2007,1995,105143,4450,
BMW,Series 1,249900,2008,1995,105143,4490,
BMW,Series 1,260000,2008,1995,130177,4490,
BMW,Series 1,234253,2007,1995,105143,4499,
BMW,Series 1,174480,2008,1598,90122,4499,
BMW,Series 1,65200,2014,1995,105143,19400,
BMW,Series 1,87734,2013,1995,135184,18806,
BMW,Series 1,112700,2013,1995,160218,15900,
BMW,Series 1,185000,2007,1995,105143,3300,
BMW,Series 3,31458,2014,1995,135184,25906,
BMW,Series 3,12266,2015,2998,240326,45840,
BMW,Series 3,95995,2014,1995,135184,23990,
BMW,Series 3,245000,2007,1995,120163,2790,
BMW,Series 3,0,2007,1995,120163,2900,
BMW,Series 3,0,2007,1995,120163,2900,
BMW,Series 3,90305,2007,1995,90122,2990,
BMW,Series 3,108000,2009,1995,130177,3000,
BMW,Series 3,247000,2008,1995,105143,3399,
BMW,Series 3,238000,2007,1995,90122,3490,
BMW,Series 3,195000,2008,1995,125170,3550,
BMW,Series 3,299000,2008,1995,105143,3990,
BMW,Series 3,205000,2007,1995,110150,3999,
BMW,Series 3,205000,2007,1995,120163,3999,
BMW,Series 3,265300,2007,1995,120163,4200,
BMW,Series 3,315000,2007,1995,105143,4249,
BMW,Series 3,143691,2007,1995,90122,4300,
BMW,Series 3,143691,2007,1995,90122,4300,
BMW,Series 3,269000,2008,1995,120163,4300,
BMW,Series 3,91734,2012,2993,190258,24900,
BMW,Series 3,260000,2007,1995,120163,4300,
BMW,Series 3,240000,2007,1995,90122,4400,
BMW,Series 3,297247,2007,1995,105143,4450,
BMW,Series 3,279410,2007,1995,120163,4490,
BMW,Series 3,270000,2008,1995,130177,4499,
BMW,Series 3,260000,2007,1995,120163,4499,
BMW,Series 3,0,2007,1995,120163,4500,
BMW,Series 3,237873,2007,1995,95129,4500,
BMW,Series 3,270000,2007,1995,130177,4500,
BMW,Series 3,260000,2008,1995,120163,4500,
BMW,Series 3,200000,2007,1995,120163,4500,
BMW,Series 3,365000,2007,2993,145197,4500,
BMW,Series 3,422360,2007,1995,120163,4599,
BMW,Series 3,340250,2007,1995,120163,4750,
BMW,Series 3,253000,2007,1995,90122,4790,
BMW,Series 3,27000,2009,1995,105143,4800,
BMW,Series 3,191316,2007,1995,90122,4800,
BMW,Series 3,23230,2016,1998,135184,35200,
BMW,Series 3,109500,2011,2993,210286,19975,
BMW,Series 3,134000,2014,1995,135184,20944,
BMW,Series 3,245000,2007,1995,120163,2790,
BMW,Series 5,25000,2016,2993,190258,43890,
BMW,Series 5,24000,2016,1995,140190,35590,
BMW,Series 5,83850,2013,1995,135184,26990,
BMW,Series 5,256000,2016,1997,110150,1700,
BMW,Series 5,344000,2007,2497,130177,5350,
BMW,Series 5,277000,2007,2497,130177,5450,
BMW,Series 5,189900,2007,1995,130177,5450,
BMW,Series 5,320000,2008,2993,145197,5490,
BMW,Series 5,400000,2007,2497,130177,5499,
BMW,Series 5,268000,2007,2993,173235,5500,
BMW,Series 5,280482,2007,1995,120163,5500,
BMW,Series 5,280000,2007,2993,173235,5500,
BMW,Series 5,292000,2007,1995,120163,5600,
BMW,Series 5,312874,2007,2497,120163,5649,
BMW,Series 5,220000,2008,1995,130177,5699,
BMW,Series 5,232000,2007,2497,130177,5790,
BMW,Series 5,247200,2007,1995,120163,5850,
BMW,Series 5,230000,2007,2993,173235,5890,
BMW,Series 5,97142,2013,1995,105143,17980,
BMW,Series 5,237000,2007,2993,145197,5900,
BMW,Series 5,245000,2007,2497,130177,5949,
BMW,Series 5,298000,2007,2993,145197,5990,
BMW,Series 5,193344,2007,2497,140190,5999,
BMW,Series 5,246733,2008,2993,145197,5999,
BMW,Series 5,280000,2007,2993,145197,6000,
BMW,Series 5,247000,2007,2993,170231,6000,
BMW,Series 5,278000,2008,1995,120163,6000,
BMW,Series 5,218000,2007,2491,120163,6000,
BMW,Series 5,249000,2009,2993,145197,6200,
BMW,Series 5,260000,2008,1995,130177,6200,
BMW,Series 5,340986,2007,1995,110150,6250,
BMW,Series 5,338000,2008,1995,130177,6250,
BMW,Series 5,295000,2008,2993,145197,6299,
BMW,Series 5,181320,2007,2993,170231,6300,
BMW,Series 5,253300,2007,1995,130177,6300,
BMW,Series 5,230000,2007,1995,120163,6350,
BMW,Series 5,230500,2007,2497,130177,6350,
BMW,Series 5,20863,2016,1995,140190,35600,
BMW,Series 5,14780,2016,1995,140190,35888,
BMW,Series 5,93602,2014,1995,135184,27900,
BMW,Series 5,256000,2016,1997,110150,1700,
BMW,Series 6,76330,2014,2979,235320,42880,
BMW,Series 6,26586,2013,2979,235320,39850,
BMW,Series 6,69900,2014,4395,330449,52416,
BMW,Series 6,240500,2007,2996,190258,10950,
BMW,Series 6,182300,2007,2996,190258,11000,
BMW,Series 6,368000,2008,2993,210286,12900,
BMW,Series 6,299000,2008,2993,210286,13200,
BMW,Series 6,192000,2007,2996,190258,13599,
BMW,Series 6,220000,2007,62996,190258,14200,
BMW,Series 6,155000,2007,4799,270367,14690,
BMW,Series 6,255000,2007,4799,270367,14900,
BMW,Series 6,120500,2009,4799,270367,14900,
BMW,Series 6,278000,2008,4799,270367,14990,
BMW,Series 6,152000,2008,4799,270367,15000,
BMW,Series 6,192000,2008,2996,200272,15490,
BMW,Series 6,179988,2007,2996,190258,15900,
BMW,Series 6,196000,2008,2993,210286,15950,
BMW,Series 6,275000,2008,2993,210286,15990,
BMW,Series 6,211000,2007,4799,270367,15999,
BMW,Series 6,224000,2008,2993,210286,16000,
BMW,Series 6,230000,2008,2993,210286,16353,
BMW,Series 6,210000,2008,2993,210286,16500,
BMW,Series 6,218000,2008,2993,210286,16800,
BMW,Series 6,26095,2014,2993,230313,47900,
BMW,Series 6,222000,2007,2993,210286,16900,
BMW,Series 6,196000,2008,2993,210286,16970,
BMW,Series 6,135100,2007,2996,190258,16990,
BMW,Series 6,250000,2008,4799,270367,17000,
BMW,Series 6,152000,2009,2993,210286,17200,
BMW,Series 6,181387,2007,2996,190258,17449,
BMW,Series 6,118505,2008,2996,200272,17450,
BMW,Series 6,205000,2008,2993,210286,17500,
BMW,Series 6,198500,2008,2993,210286,17500,
BMW,Series 6,240000,2009,2993,210286,17545,
BMW,Series 6,184000,2008,2993,210286,17550,
BMW,Series 6,170000,2007,2996,190258,17699,
BMW,Series 6,145000,2007,2996,190258,17750,
BMW,Series 6,177374,2008,2993,210286,17890,
BMW,Series 6,132000,2007,4799,270367,17895,
BMW,Series 6,194222,2007,4799,270367,17900,
BMW,Series 6,194222,2007,4799,270367,17900,
BMW,Series 7,76408,2012,2993,190258,32890,
BMW,Series 7,33395,2012,2993,190258,36880,
BMW,Series 7,362000,2007,2993,170231,4300,
BMW,Series 7,230000,2007,4799,270367,7500,
BMW,Series 7,334500,2007,4423,242329,7500,
BMW,Series 7,302000,2007,2993,170231,7700,
BMW,Series 7,293000,2007,2993,170231,7900,
BMW,Series 7,224000,2008,4423,242329,7990,
BMW,Series 7,180319,2007,2993,170231,8000,
BMW,Series 7,211000,2007,2993,170231,8900,
BMW,Series 7,290000,2008,2993,170231,9250,
BMW,Series 7,280000,2007,2993,170231,9390,
BMW,Series 7,188000,2007,2993,170231,9400,
BMW,Series 7,197450,2007,2993,170231,9400,
BMW,Series 7,203000,2007,4423,242329,9500,
BMW,Series 7,214000,2007,2993,170231,9500,
BMW,Series 7,199993,2007,4423,242329,9500,
BMW,Series 7,199000,2007,2993,170231,9700,
BMW,Series 7,300000,2007,2993,170231,9800,
BMW,Series 7,231500,2007,2993,170231,9990,
BMW,Series 7,63866,2014,2993,190258,43190,
BMW,Series 7,131699,2007,2993,202275,9998,
BMW,Series 7,150000,2007,4799,270367,10000,
BMW,Series 7,221478,2008,2993,170231,10320,
BMW,Series 7,183399,2008,2993,170231,10490,
BMW,Series 7,173170,2007,2993,170231,10500,
BMW,Series 7,208000,2007,2993,170231,10700,
BMW,Series 7,208858,2007,4799,271368,10950,
BMW,Series 7,215000,2007,2993,195265,11000,
BMW,Series 7,320000,2008,4799,270367,11000,
BMW,Series 7,225000,2008,2993,170231,11050,
BMW,Series 7,199989,2007,2993,170231,11450,
BMW,Series 7,189000,2007,2993,170231,11499,
BMW,Series 7,198000,2007,2993,170231,11500,
BMW,Series 7,201799,2008,3000,170231,11700,
BMW,Series 7,164900,2007,2993,170231,11790,
BMW,Series 7,244000,2007,4423,242329,11900,
BMW,Series 7,195000,2007,4000,225306,11900,
BMW,Series 7,87810,2014,2993,280381,51700,
BMW,Series 7,63441,2009,4395,373507,73990,
BMW,Series 7,138619,2011,2993,180245,24990,
BMW,    X1,58283,2011,1995,105143,17900,
BMW,    X1,54900,2010,2996,190258,20999,
BMW,    X1,57821,2014,1995,105143,23400,
BMW,    X1,34000,2014,1995,105143,3900,
BMW,    X1,34000,2014,1995,105143,3900,
BMW,    X1,34000,2014,1995,105143,3900,
BMW,    X1,284536,2009,1995,130177,8750,
BMW,    X1,212040,2010,1995,105143,8900,
BMW,    X1,267601,2011,1995,105143,9200,
BMW,    X1,175000,2010,1995,130177,9500,
BMW,    X1,176000,2011,1995,105143,9800,
BMW,    X1,215000,2009,1995,130177,9900,
BMW,    X1,183258,2011,1995,105143,9900,
BMW,    X1,164920,2010,1995,105143,9900,
BMW,    X1,182827,2011,1995,105143,9950,
BMW,    X1,210000,2010,1995,150204,9990,
BMW,    X1,146000,2010,1995,105143,9990,
BMW,    X1,178520,2010,1995,130177,9995,
BMW,    X1,221851,2010,1995,130177,9999,
BMW,    X1,313500,2011,1995,105143,9999,
BMW,    X1,140000,2011,1995,105143,10000,
BMW,    X1,20314,2014,1995,105143,20700,
BMW,    X1,175750,2011,1995,130177,10199,
BMW,    X1,198789,2010,1995,105143,10353,
BMW,    X1,170400,2010,1995,105143,10400,
BMW,    X1,308068,2011,1995,130177,10450,
BMW,    X1,230000,2009,1995,130177,10499,
BMW,    X1,186000,2011,1995,105143,10500,
BMW,    X1,215000,2012,1995,105143,10500,
BMW,    X1,18000,2010,1995,105143,10600,
BMW,    X1,259000,2013,1995,105143,10600,
BMW,    X1,177000,2010,1995,105143,10650,
BMW,    X1,161500,2010,1995,105143,10750,
BMW,    X1,169990,2011,1995,105143,10900,
BMW,    X1,149900,2010,1995,105143,10900,
BMW,    X1,227000,2011,1995,105143,10900,
BMW,    X1,217281,2012,1995,85116,10900,
BMW,    X1,170000,2011,1995,105143,10900,
BMW,    X1,118000,2011,1995,105143,10900,
BMW,    X1,47922,2014,1995,135184,23900,
BMW,    X1,37707,2013,1995,105143,21500,
BMW,    X3,62446,2014,1995,135184,33765,
BMW,    X3,85095,2011,1995,135184,22716,
BMW,    X3,28301,2012,1995,135184,27890,
BMW,    X3,147000,2007,2993,160218,3999,
BMW,    X3,282780,2007,1995,130177,5555,
BMW,    X3,211000,2007,1995,110150,6300,
BMW,    X3,215619,2007,2993,160218,6300,
BMW,    X3,174538,2007,1995,110150,6500,
BMW,    X3,345000,2007,2993,160218,6770,
BMW,    X3,167000,2007,1995,110150,6990,
BMW,    X3,233145,2007,1995,110150,6990,
BMW,    X3,132000,2007,1995,110150,6990,
BMW,    X3,254000,2007,2996,200272,6990,
BMW,    X3,270000,2007,1995,110150,6999,
BMW,    X3,171000,2008,1995,130177,7000,
BMW,    X3,175000,2007,2993,160218,7400,
BMW,    X3,220237,2007,2993,210286,7500,
BMW,    X3,285000,2007,2993,160218,7500,
BMW,    X3,96800,2007,2996,200272,7500,
BMW,    X3,219000,2008,1995,130177,7500,
BMW,    X3,235000,2007,1995,130177,7500,
BMW,    X3,42887,2014,1995,135184,24900,
BMW,    X3,179167,2007,1995,110150,7750,
BMW,    X3,150000,2007,1995,110150,7800,
BMW,    X3,157000,2007,2000,110150,7800,
BMW,    X3,200000,2007,1995,110150,7890,
BMW,    X3,162548,2007,1995,110150,7890,
BMW,    X3,209000,2007,1995,130177,7900,
BMW,    X3,171000,2007,1995,110150,7900,
BMW,    X3,170000,2007,1995,110150,7900,
BMW,    X3,225000,2007,1995,110150,7900,
BMW,    X3,181321,2007,1995,110150,7900,
BMW,    X3,176000,2008,1995,130177,7900,
BMW,    X3,200000,2007,1995,130177,7940,
BMW,    X3,185629,2007,1995,130177,7950,
BMW,    X3,193000,2007,1995,110150,7950,
BMW,    X3,245000,2008,1995,130177,7950,
BMW,    X3,72066,2012,2993,190258,24900,
BMW,    X3,64792,2015,2993,190258,43558,
BMW,    X3,105050,2009,2993,210286,17890,
BMW,    X3,147000,2007,2993,160218,3999,
BMW,    X4,33200,2014,2993,190258,44790,
BMW,    X4,18326,2016,1995,140190,46706,
BMW,    X4,17460,2016,1997,180245,51670,
BMW,    X4,56950,2015,1995,140190,30285,
BMW,    X4,140200,2015,1995,140190,31900,
BMW,    X4,128668,2014,2993,230313,33650,
BMW,    X4,122408,2015,1995,140190,33800,
BMW,    X4,63284,2014,1995,140190,34900,
BMW,    X4,99897,2015,1995,140190,34950,
BMW,    X4,175329,2014,2993,190258,35212,
BMW,    X4,39600,2014,1998,135184,35500,
BMW,    X4,91000,2014,1995,140190,35700,
BMW,    X4,44000,2014,1995,140190,35800,
BMW,    X4,74000,2015,1995,140190,35900,
BMW,    X4,74000,2015,1995,140190,35900,
BMW,    X4,74000,2015,1995,140190,35900,
BMW,    X4,76650,2014,1995,140190,35900,
BMW,    X4,94640,2014,1995,140190,35990,
BMW,    X4,144250,2014,2993,190258,35990,
BMW,    X4,114493,2014,1995,140190,36400,
BMW,    X4,72150,2014,1995,140190,36409,
BMW,    X4,46000,2014,1995,140190,36500,
BMW,    X4,59876,2014,1995,140190,36700,
BMW,    X4,37300,2014,1995,140190,36738,
BMW,    X4,35862,2016,1997,180245,36900,
BMW,    X4,49133,2014,1995,140190,36900,
BMW,    X4,44200,2015,1995,140190,36990,
BMW,    X4,54215,2015,1995,140190,37500,
BMW,    X4,47519,2014,1995,140190,37590,
BMW,    X4,32934,2014,1995,140190,37650,
BMW,    X4,73300,2014,1995,140190,37800,
BMW,    X4,115403,2014,1995,140190,37800,
BMW,    X4,91113,2014,1995,140190,37890,
BMW,    X4,40000,2015,2993,190258,37890,
BMW,    X4,47519,2014,1995,140190,37890,
BMW,    X4,46372,2015,1995,140190,37890,
BMW,    X4,28549,2016,1997,135184,37900,
BMW,    X4,24950,2016,1995,140190,37900,
BMW,    X4,15000,2015,2993,230313,67890,
BMW,    X4,8685,2017,1995,140190,47243,
BMW,    X4,56950,2015,1995,140190,30285,
BMW,    X5,24364,2016,2993,190258,66490,
BMW,    X5,131838,2013,2993,190258,42900,
BMW,    X5,142000,2015,2993,230313,48500,
BMW,    X5,213000,2007,2993,160218,7900,
BMW,    X5,296000,2007,2993,160218,8300,
BMW,    X5,142000,2007,2993,173235,9400,
BMW,    X5,106900,2008,2996,200272,9500,
BMW,    X5,280222,2007,2993,160218,9999,
BMW,    X5,230000,2007,2993,160218,10000,
BMW,    X5,187500,2007,2993,160218,10499,
BMW,    X5,212146,2007,2993,160218,10750,
BMW,    X5,159100,2007,3000,160218,10900,
BMW,    X5,211398,2007,2993,160218,10950,
BMW,    X5,159500,2007,2993,160218,10990,
BMW,    X5,257113,2007,2993,160218,10999,
BMW,    X5,215000,2007,4799,261355,11000,
BMW,    X5,200000,2009,2993,173235,11500,
BMW,    X5,330200,2007,2993,173235,11699,
BMW,    X5,89500,2015,2993,190258,53850,
BMW,    X5,190000,2007,2993,160218,11800,
BMW,    X5,250000,2007,2993,173235,11890,
BMW,    X5,350000,2008,2993,173235,11900,
BMW,    X5,338000,2008,2993,173235,11900,
BMW,    X5,285000,2008,2993,173235,11900,
BMW,    X5,355000,2008,2993,173235,11900,
BMW,    X5,219000,2007,2993,170231,11950,
BMW,    X5,250000,2007,2993,173235,11950,
BMW,    X5,198000,2007,2993,173235,11990,
BMW,    X5,179000,2007,4799,261355,11990,
BMW,    X5,159000,2007,2996,200272,11990,
BMW,    X5,113000,2008,2993,173235,11999,
BMW,    X5,206000,2007,2993,173235,11999,
BMW,    X5,250000,2008,2993,173235,12000,
BMW,    X5,200000,2007,2993,173235,12450,
BMW,    X5,300000,2008,2993,210286,12490,
BMW,    X5,315000,2007,2993,173235,12490,
BMW,    X5,243579,2008,2993,173235,12499,
BMW,    X5,72091,2014,2993,230313,45900,
BMW,    X5,199508,2009,2993,173235,19800,
BMW,    X5,130862,2007,4799,261355,24741,
BMW,    X5,213000,2007,2993,160218,7900,
BMW,    X6,100,2017,2993,230313,86580,
BMW,    X6,41031,2014,2993,225306,46900,
BMW,    X6,4300,2015,2993,230313,59490,
BMW,    X6,82000,2009,2979,225306,14500,
BMW,    X6,124799,2008,4395,300408,16500,
BMW,    X6,263000,2008,2993,210286,17500,
BMW,    X6,220000,2008,2993,173235,18000,
BMW,    X6,263910,2008,2993,210286,18420,
BMW,    X6,148000,2008,2979,225306,18450,
BMW,    X6,128000,2011,2993,225306,18600,
BMW,    X6,268000,2009,2993,210286,18900,
BMW,    X6,269000,2008,2979,225306,18900,
BMW,    X6,258575,2008,2993,210286,18930,
BMW,    X6,196555,2009,4395,300408,19239,
BMW,    X6,253000,2009,2993,210286,19350,
BMW,    X6,184397,2008,2993,173235,19498,
BMW,    X6,205000,2008,2993,210286,19499,
BMW,    X6,246000,2008,2993,210286,19700,
BMW,    X6,239007,2009,2993,210286,19830,
BMW,    X6,223600,2008,2993,173235,19877,
BMW,    X6,242000,2009,2993,210286,19900,
BMW,    X6,4789,2016,2993,190258,97046,
BMW,    X6,228278,2008,2993,210286,19950,
BMW,    X6,237874,2008,2993,210286,19950,
BMW,    X6,286000,2008,2993,173235,19999,
BMW,    X6,230000,2009,2993,173235,19999,
BMW,    X6,199000,2009,2993,173235,19999,
BMW,    X6,260000,2008,2993,173235,19999,
BMW,    X6,270000,2008,2993,210286,20300,
BMW,    X6,208597,2008,2993,210286,20300,
BMW,    X6,174250,2008,2993,173235,20399,
BMW,    X6,184000,2009,2993,173235,20500,
BMW,    X6,203000,2009,2993,210286,20500,
BMW,    X6,189700,2009,2993,173235,20690,
BMW,    X6,154900,2008,2993,173235,20890,
BMW,    X6,154900,2008,2993,173235,20900,
BMW,    X6,150000,2009,2993,173235,21350,
BMW,    X6,199354,2009,2993,210286,21490,
BMW,    X6,62000,2010,2993,180245,33950,
BMW,    X6,149580,2011,2993,225306,28840,
BMW,    X6,129824,2008,2993,174237,24950,
